﻿<parameters>
  <parameter name="IIS Web Application Name" defaultValue="Default Web Site" tags="IisApp">
    <parameterEntry kind="ProviderPath" scope="IisApp" match="^C:\\Users\\YEVGENIY\\source\\repos\\PolicyManagement\\PolicyManagement\\obj\\Release\\Package\\PackageTmp$" />
    <parameterEntry kind="ProviderPath" scope="setAcl" match="^C:\\Users\\YEVGENIY\\source\\repos\\PolicyManagement\\PolicyManagement\\obj\\Release\\Package\\PackageTmp$" />
  </parameter>
  <parameter name="LocalDbConn-Web.config Connection String" defaultValue="Data Source=SQLSERVER;Initial Catalog=DATABASE;Integrated Security=True">
    <parameterEntry kind="XmlFile" scope="C:\\Users\\YEVGENIY\\source\\repos\\PolicyManagement\\PolicyManagement\\obj\\Release\\Package\\PackageTmp\\Web\.config$" match="/configuration/connectionStrings/add[@name='LocalDbConn']/@connectionString" />
  </parameter>
  <parameter name="DefaultConnection-Web.config Connection String" defaultValue="Data Source=SQLSERVER;Initial Catalog=DATABASE;Integrated Security=True">
    <parameterEntry kind="XmlFile" scope="C:\\Users\\YEVGENIY\\source\\repos\\PolicyManagement\\PolicyManagement\\obj\\Release\\Package\\PackageTmp\\Web\.config$" match="/configuration/connectionStrings/add[@name='DefaultConnection']/@connectionString" />
  </parameter>
</parameters>